title,price,author
소년이 온다,15000,한강
스토너,16800,존 윌리엄스
그릿 Grit,18800,김주환
봄밤의 모든 것,17000,백수린
양심,18000,최재천
초역 부처의 말,17800,코이케 류노스케
듀얼 브레인,21000,이선 몰릭
모순,13000,양귀자
"2025 큰별쌤 최태성의 별★별한국사 한국사능력검정시험 심화(1, 2, 3급) 상",16500,최태성
ETS 토익 정기시험 기출문제집 1000 Vol. 4 Reading (리딩),19800,ETS
황현필의 진보를 위한 역사,22000,황현필
ETS 토익 정기시험 기출문제집 1000 Vol. 4 Listening (리스닝),19800,ETS
해커스 토익 기출 VOCA (보카),12900,David Cho
삶이라는 완벽한 농담,17800,이경규
"2025 큰별쌤 최태성의 별★별한국사 한국사능력검정시험 심화(1, 2, 3급) 하",16000,최태성
채식주의자 (리마스터판),15000,한강
어른의 행복은 조용하다,17800,태수
작별하지 않는다,16800,한강
자살의 연구,18000,앨 앨버레즈
마음의 기술,21000,안-엘렌 클레르
침묵의 퍼레이드,21800,히가시노 게이고
급류,14000,정대건
학생회에도 구멍은 있다! 8,6000,무치마로
원페이지 교육학 기본서 상,40000,Dave
맨큐의 경제학,49000,그레고리 맨큐
환율의 대전환,27000,오건영
트럼프 시대의 지정학과 비트코인,26000,오태민
슈퍼 뒤에서 담배 피우는 두 사람 5 (특장판),13000,지누시
학생회에도 구멍은 있다! 공식 일러스트북 :《후지나스 학원 활동일지》,10000,무치마로
국민이 먼저입니다,116820,한동훈
"스토너 (초판본, 양장)",18000,존 윌리엄스
꼭 그런 건 아니야,16700,매튜 맥커너히
두근두근! 내 인생의 비밀 찾기 1,15000,성승현
흰 고래의 흼에 대하여,20000,홍한별
그 개와 혁명,17500,예소연
이처럼 사소한 것들,13800,클레어 키건
행동하지 않으면 인생은 바뀌지 않는다,16900,브라이언 트레이시
사과를 그리는 100가지 방법,25000,박이도
호랑이를 부탁해,15000,설상록
미키7,17000,에드워드 애슈턴
이어령의 말,22000,이어령
하루 한 장 나의 어휘력을 위한 필사 노트 (컴포지션 에디션),23800,유선경
쉽게 풀어쓴 C언어 Express,32000,천인국
소스 코드: 더 비기닝,28000,빌 게이츠
악마와 함께 춤을,19000,크리스타 K. 토마슨
2025 써니 행정법총론 실전동형 모의고사,14000,박준철
너를 찾는 파도 1 (특별판),38000,청연
명탐정 코난 106,6000,아오야마 고쇼
히카루가 죽은 여름 5 (특장판),24000,모쿠모쿠렌
원페이지 교육학 기본서 하,40000,Dave
2025 이유진 국어 백일기도 모의고사 시즌 3 : 結(결),29000,이유진
나의 히어로 아카데미아 42 (트리플 특장판),6000,호리코시 코헤이
넥서스,27800,유발 하라리
미키7 완전판 세트 - 전2권,27000,에드워드 애슈턴
나는 보았습니다,17800,박진여
ETS 토익 단기 공략 750+ (LC + RC),18000,ETS
헌법 필사 (스프링),5500,대한민국
어떻게 극단적 소수가 다수를 지배하는가,22000,스티븐 레비츠키
흰,14500,한강
지적 대화를 위한 넓고 얕은 지식 무한,19000,채사장
교육의 뇌과학,19900,바버라 오클리
2025 이기적 빅데이터분석기사 필기 기본서,33000,나홍석
일본어 명카피 핸드북,18000,정규영
"2025 큰별쌤 최태성의 별★별한국사 기출 500제 한국사능력검정시험 심화 (1, 2, 3급)",19500,최태성
나의 자리,3660,윤혜정
심장보다 단단한 토마토 한 알,12000,고선경
느리게 가는 마음,17000,윤성희
이상한 집 2,18000,우케쓰
착! 붙는 일본어 독학 첫걸음,16800,일본어 공부기술연구소
사카모토 데이즈 19 (트리플 특전판),6500,스즈키 유우토
Kreyszig 공업수학 (상),35000,Erwin Kreyszig
데미안 (오리지널 초판본 표지디자인),3300,헤르만 헤세
도넛을 나누는 기분 (시절 시집 에디션),13000,김소형
일본어 무작정 따라하기 완전판,26000,후지이 아사리
부모의 질문력,20000,김종원
소년과 두더지와 여우와 말,18000,찰리 맥커시
ETS 토익기출 파트별 VOCA 보카,13000,ETS
계엄령,22000,알베르 카뮈
손자병법,22800,임용한
줌달의 일반화학 (Zumdahl),56000,Steven S. Zumdahl
2025 선재국어 실전 봉투 모의고사 2 결승선,18000,이선재
2025 문동균 한국사 D-30 문단속 모의고사,15000,문동균
싯다르타,8000,헤르만 헤세
어른의 품격을 채우는 100일 필사 노트,20000,김종원
큼큼 산신령의 속담 상담소,15000,곽미영
현대 이상심리학,32000,권석만
해커스 토익 RC Reading(리딩) 기본서,18800,David Cho
퓨처 셀프 30만 부 기념 스페셜 에디션,22000,벤저민 하디
대학생을 위한 자아와 명상 1,13000,동국대학교 건학위원회
2025 프로야구 가이드북,28000,나유리
이기적 유전자,20000,리처드 도킨스
대학물리학,52000,Raymond A. Serway
설민석의 한국사 대모험 32,14000,설민석
2025 심우철 실전 동형 모의고사 Season 2,14400,심우철
2025 북적북적 저절로 암기노트 & 문제풀이 예금일반,10060,이종학
패턴과 구조 영문법,19000,윤규철
Brown 일반화학 (일반화학교재연구회),55000,Theodore L. Brown
히카루가 죽은 여름 5,6500,모쿠모쿠렌
대온실 수리 보고서,18000,김금희
2025 문동균 한국사 국가직 대비 실전 봉투모의고사,12000,문동균
생각의 도약,18000,도야마 시게히코
AI 시대와 언어,19000,윤규철
진짜 쓰는 실무 엑셀,21000,오빠두(전진권)
성장지향성,19800,존 R. 마일스
사랑에 대해 내가 아는 모든 것 (리커버 특별판),17800,돌리 앨더튼
살아갈 날들을 위한 괴테의 시,19000,김종원
"데일 카네기 인간관계론 + 자기관리론 + 성공대화론 (합본, 무선)",5500,데일 카네기
스킵과 로퍼 10,6000,타카마츠 미사키
왜 그들만 부자가 되는가,22000,필립 바구스
미분적분학,49000,James Stewart
서랍에 저녁을 넣어 두었다,12000,한강
퇴마록 소장판 전권 세트 - 전17권 (양장),374000,이우혁
희망,34000,프란치스코 교황
2025 이동기 영어 신경향 실전동형 모의고사 Vol.2,11000,이동기
김재우의 기초 영어회화 100,18900,김재우
ALL NEW 계리직 영어 예상문제집 - 전2권,8150,제인 심
오십의 태도,18000,정은숙
2025 에듀윌 스포츠지도사 필기 한권끝장 + 모의고사 3회분,32500,정수봉
너의 유토피아,17500,정보라
어떻게 민주주의는 무너지는가,16800,스티븐 레비츠키
나의 작은 무법자,19000,크리스 휘타커
경제학원론,43000,이준구
2025 선재국어 실전 봉투 모의고사 1 출발선,18000,이선재
두 사람의 인터내셔널,16800,김기태
돈의 심리학 (30만 부 기념 스페셜 에디션),19800,모건 하우절
ETS 토익 단기 공략 550+ LC + RC,17000,ETS
설민석의 삼국지 대모험 21,14000,단꿈아이
적당한 사람,22000,이창섭(BTOB)
티핑 포인트의 설계자들,20000,말콤 글래드웰
나는 AI와 공부한다,25000,살만 칸
생활속의 경영학,33000,장영광
현대 심리치료와 상담 이론,22000,권석만
희랍어 시간,13000,한강
부의 공식,22000,스콧 갤러웨이
2025 수제비 정보처리기사 실기 기본서,40000,윤영빈
한 권으로 끝내는 해커스 토익 700+ (LC+RC+VOCA),19800,해커스어학연구소
최재천의 희망 수업,19000,최재천
트렌드 코리아 2025,20000,김난도
해커스 토익 LC Listening(리스닝) 기본서,18800,David Cho
4줄이면 된다,18000,이은희
내가 나라서 정말 좋아,16800,김지훤
해커스 보카 (Hackers Vocabulary),16900,David Cho
히나타의 블루 4,6000,메구로 아무
무의식은 어떻게 나를 설계하는가,25000,데이비드 이글먼
롱 뷰,24000,리처드 피셔
사회복지학개론 (권중돈 외),27000,권중돈
수학 진짜 잘하는 법을 알려줄게요.,22000,주단
어느 날 문이 사라졌다,13500,김은영
일의 감각,22000,조수용
캠벨 생명과학,60000,Lisa A. Urry
2025 세법개론 1,7850,임상엽
슈뻘맨의 숨은 생물 찾기 1,15000,슈뻘맨
명탐정 코난 106 (특장판),12000,아오야마 고쇼
우리가 반짝이는 계절,19800,장류진
2025 이동기 영어 신경향 실전동형 모의고사 Vol.1,11000,이동기
흔한남매 18,15800,흔한남매
JLPT 일본어능력시험 한권으로 끝내기 N3,27000,이치우
한국단편소설 50,18800,김동인
ETS 토익 정기시험 기출입문서 RC 리딩,15000,ETS
초판본 어린 왕자 (무선),2990,앙투안 드 생텍쥐페리
ETS 토익 단기 공략 650+ (LC + RC),18000,ETS
가족치료의 이해,23000,정문자
디지털 논리회로,32000,임석구
정의란 무엇인가,18000,마이클 샌델
동사 X 전치사 도감,19800,권은희
미시경제학,42000,이준구
흔한남매의 흔한 호기심 13,15000,안치현
반일 종족의 역사 내란,8420,이영훈
긴긴밤,12500,루리
사랑의 기술,17000,에리히 프롬
콘클라베 (영화 특별판),22000,로버트 해리스
코스모스,19900,칼 세이건
우는 나와 우는 우는,17500,하은빈
2025 이동기 영어 신경향 직전동형 모의고사 Vol.1,11000,이동기
2025 심우철 실전 동형 모의고사 Season 1,14400,심우철
앳킨스의 물리화학,55000,Peter Atkins
홍학의 자리,14000,정해연
해커스 토익 스타트 RC Reading (리딩) 입문서,14900,David Cho
Life English,14000,Helen Hye-Yung Kang
악마에 입문했습니다! 이루마 군 40,6500,니시 오사무
원피스 110,6000,오다 에이치로
사피엔스,26800,유발 하라리
레이먼드 창의 일반화학,57000,Jason Overby
유희왕 애장판 13,12000,다카하시 카즈키
플팩의 상급지로 가는 대출력,8020,플팩(강연옥)
암행,16800,정명섭
해커스 JLPT N3 (일본어능력시험) 한권합격,27000,해커스 JLPT 연구소
숨결이 바람 될 때 (100쇄 기념 리미티드 에디션),16800,폴 칼라니티
기억을 되살리는 남자,17800,데이비드 발다치
이중 하나는 거짓말 (니트 에디션) (3종 중 1종 랜덤),16000,김애란
데미안,8000,헤르만 헤세
약속,17000,이용규
글쓰기 생각쓰기,22000,윌리엄 진서
특수아동교육,27000,이소현
불교수업,13000,동국대학교 건학위원회
해커스 일본어 첫걸음 : 기초 20일 독학 완성!,13900,해커스JLPT연구소
"의사 어벤저스 21 : 재난 의학, 중증 외상 환자를 살려라!",15800,고희정
사연 없는 단어는 없다,22000,장인용
일반물리학 세트 - 전2권,64000,데이비드 할리데이
IT 세상을 만나는 컴퓨터 개론,29000,조성호
일본어뱅크 New 다이스키 일본어 - 상,16800,문선희
C언어로 쉽게 풀어쓴 자료구조,29000,천인국
역사의 시선,19000,전우용
청소년을 위한 경제학 에세이,16800,한진수
명품 JAVA Programming,34000,황기태
대학물리학 에센스,45000,Raymond A. Serway
세상을 읽는 과학적 시선,18800,모토무라 유키코
2025 해커스 국민건강보험공단 NCS+법률 실전모의고사 5+4회&법률 빈칸노트,22000,해커스 취업교육연구소
100가지 식물로 읽는 세계사,33000,사이먼 반즈
마흔에 읽는 쇼펜하우어,17000,강용수
28시간에 끝내는 토익스피킹 스타트,17900,황인기(제이크)
로젠 메이든 애장판 1,5620,PEACH-PIT
영어로 문장 만들기 훈련 1차 임계점,22000,유은하
구의 증명,12000,최진영
로젠 메이든 애장판 3,5550,PEACH-PIT
로젠 메이든 애장판 2,5600,PEACH-PIT
김태형의 교양 심리학,18800,김태형
더 나은 어휘를 쓰고 싶은 당신을 위한 필사책,22000,이주윤
1984,11000,조지 오웰
2025 써니 행정법총론 소방 실전동형 모의고사,13000,박준철
"2025 심승아 Simple, Detail 소방학개론 심의 한 수 실전 모의고사",7000,심승아
2025 문동균 한국사 문단속 적중 최종병기 Final 모의고사,15000,문동균
아이의 뇌,17800,김붕년
나는 미국 월배당 ETF로 40대에 은퇴한다,18800,최영민
데일 카네기 인간관계론 (50만부 돌파 초판 무삭제 완역본),11500,데일 카네기
IFRS 회계원리 (최관 외),43000,최관
읽으면서 바로 써먹는 어린이 OX 퀴즈,13000,한날
창의적 사고와 소통,18000,이연도
두번째 산은 없다,5330,박명우
기계는 왜 학습하는가,25000,아닐 아난타스와미
오늘이 내일이면 좋겠다,18000,남유하
더 좋은 문장을 쓰고 싶은 당신을 위한 필사책,22000,이주윤
시간 고양이 6,15000,박미연
스프링,19800,온다 리쿠
인간행동과 사회환경,22000,최옥채
돈의 속성 (400쇄 리커버 에디션),17800,김승호
3월의 마치,16800,정한아
"나는 메트로폴리탄 미술관의 경비원입니다 (20만 부 에디션, 양장)",17500,패트릭 브링리
이방인,10000,알베르 카뮈
고상하고 천박하게,16000,김사월
소득혁명,20000,브라이언 페이지
2025 시나공 정보처리기사 실기 기본서,40000,김정준
발달심리학 (신명희 외),30000,신명희
내면소통,33000,김주환
코미 양은 커뮤증입니다 30,6000,오다 토모히토
2025 헝그리스포츠 7일 완성 생활스포츠지도사 2급 필기 이론서,31000,한현근
해커스 토익 실전 LC + RC 3 (모의고사 문제집 + 해설집),18900,해커스어학연구소
일반물리학,40000,Raymond A. Serway
지적 대화를 위한 넓고 얕은 지식 1,19000,채사장
얼굴만으론 좋아할 수 없어요 12,6000,안자이 카린
해변의 스토브,10000,오시로 고가니
심리평가의 최신 흐름,27000,이우경
프로야구 스카우팅 리포트 2025,28000,김은진
만화로 보는 3분 철학 1 : 서양 고대 철학편,16000,김재훈
사피엔스 : 그래픽 히스토리 Vol.1,17800,유발 하라리
나는 소망한다 내게 금지된 것을,15000,양귀자
자유론 (무삭제 완역본),8800,존 스튜어트 밀
EBS 다큐프라임 자본주의,22000,EBS 자본주의 제작팀
얼굴만으론 좋아할 수 없어요 12 (특장판),15000,안자이 카린
작가와 작품을 분리할 수 있는가?,18000,지젤 사피로
이것이 새입니까?,27800,아르노 네바슈
단어가 품은 세계,18000,황선엽
예술 도둑,17800,마이클 핀클
국어 교육의 이해,28000,최미숙
죽음의 수용소에서,9800,빅터 프랭클
에머슨의 자기 확신에 관하여,19800,랄프 왈도 에머슨
2025 고종훈 한국사 동형모의고사 시즌 1,18000,고종훈
명품 HTML5+CSS3+Javascript 웹 프로그래밍,30000,황기태
상담심리학의 이론과 실제 (천성문 외),23000,천성문
"다시, 공부머리 독서법 : 영유아, 초등 저학년 편",19000,최승필
마흔에게,18000,나태주
"야, 너도 공부에 한번 미쳐 봐",18000,서준석
"합격 생기부 절대 원칙, 탐구력",21000,팀유니온
스포츠의학으로 읽는 발의 과학,23000,손성준
2025 단기 합격 해커스공기업 NCS 통합 기본서 (필수과목+전략과목+모의고사 5회분),27000,윤종혁
의사소통장애의 이해,28000,심현섭
교육심리학 (신명희 외),25000,신명희
책과 신문 읽고 쓰는 초등 탄탄 논술,19800,오현선
SQL 자격검정 실전문제,18000,한국데이터산업진흥원
데이터베이스 개론,29000,김연희
파이썬 for Beginner,25000,우재남
4차 산업혁명 시대의 이산수학,29000,김대수
보카바이블 (VOCA Bible) 4.0 (A권 + B권),32000,허민
슈퍼 뒤에서 담배 피우는 두 사람 5,6500,지누시
2025.2026 큰별쌤 최태성의 별★한국사 한국사능력검정시험 기본(4.5.6급),19500,최태성
2024 켈리 지텔프 G-point 33 : 문법편,30000,켈리
ETS 토익 단기 공략 850+ (LC + RC),19500,ETS
우리가 빛의 속도로 갈 수 없다면,14000,김초엽
어둠 뚫기,16800,박선우
비판적 사고와 소통,4270,정형근
부자는 왜 더 부자가 되는가,19000,로버트 기요사키
경제학 들어가기,35000,이준구
위풍당당 여우 꼬리 6,15000,손원평
너에게 들려주는 단단한 말,18000,김종원
IFRS 중급회계 입문,33000,신현걸
JLPT 일본어능력시험 한권으로 끝내기 N2,27000,이치우
명품 C++ Programming,30000,황기태
데일 카네기 인간관계론 1,15000,김재훈
나의 두 번째 교과서 x 나민애의 다시 만난 국어,19800,나민애
2025 산업안전기사 실기 [필답형+작업형] + 무료동영상 + 스마트북,46000,최윤정
독끝 NCS 기본서 : 독학으로 끝내는 공기업 NCS 통합기본서 (PSAT형+모듈형+피듈형) - 전2권,27000,길잡이연구소
글쓰기의 기초,15000,김민환
일본어 문법 무작정 따라하기,26000,후지이 아사리
두근두근 파이썬,25000,천인국
K-IFRS 중급재무회계 (윤순석 외),55000,윤순석
2026 계획된우연 김진구 전문상담 기본개념 2,46000,김진구
2025 유휘운 행정법총론 실전동형 모의고사,11000,유휘운
"우리, 나이 드는 존재",16800,고금숙
부자들의 서재,22000,리치파카(강연주)
박태웅의 AI 강의 2025,18800,박태웅
저속노화 식사법,19000,정희원
총 균 쇠,29800,재레드 다이아몬드
집단상담,24000,천성문
2025 권규호 공무원 국어 신유형 봉투 모의고사,11000,권규호
입에 대한 앙케트,6500,세스지
2025 시나공 컴퓨터활용능력 2급 필기 + 실기 통합본 퀵이지단기완성,28000,길벗 R&D
지능의 기원,33000,맥스 베넷
2025 유휘운 행정법총론 요약노트 + 기출문제 (요플),21000,유휘운
물고기는 존재하지 않는다,17000,룰루 밀러
한국인의 법과 생활,20000,법무부
누구나 쉽게 즐기는 C언어 콘서트,27000,천인국
삐뽀삐뽀 119 이유식,18900,하정훈
물듦,18000,유운성
2025 조태정 영어 백신 모의고사 (추론 출제 경향) Season 1,9500,조태정
위기 탈출 도감 2,16800,스즈키 노리타케
세이노의 가르침 100만 부 기념 특별보급판,5000,세이노(SayNo)
빨간 사과가 먹고 싶다면,18000,진주
사례와 함께하는 회계원리,40000,최종학
흐르는 강물처럼,17000,셸리 리드
공학수학 1,37000,Dennis G. Zill
심리학의 이해 (윤가현 외),22000,윤가현
민법총칙,29000,곽윤직
2025 수제비 빅데이터분석기사 필기 세트 - 전2권,33000,윤영빈
2025 써니 행정법총론 단원별 모의고사 - 전2권,22000,박준철
내가 원하는 것을 나도 모를 때,22000,전승환
월 50만 원으로 8억 만드는 배당머신,19000,평온
2025 문동균 한국사 한 권으로 모든 것을 정리하는 판서노트 (한정판),16000,문동균
불변의 법칙,25000,모건 하우절
다락원 중국어 마스터 Step 1,15000,박정구
해커스 토익 스타트 LC Listening (리스닝) 입문서,14900,David Cho
만만이 교사의 쎈 척하는 법,17500,김참외
파친코 2,15800,이민진
죽이고 싶은 아이,12500,이꽃님
브람스를 좋아하세요...,8500,프랑수아즈 사강
동물농장,8000,조지 오웰
이지패스 2025 ADsP 데이터분석 준전문가 (수험서 앱 제공),30000,전용문
유물멍 : 가만히 바라볼수록 좋은 것들,21000,국립중앙박물관 유물 큐레이션 「아침 행복이 똑똑」 필진
해피버쓰데이,17000,백희나
한석준의 대화의 기술,18000,한석준
뿐이 토핑 이유식,29800,정주희
스마트 경영학,30000,최진남
영어학의 이해,13000,윤규철
YBM English Basics,14000,YBM 편집국
2025 세법개론 2,4350,임상엽
월급쟁이 재테크 상식사전,19800,우용표
오무라이스 잼잼 15,21000,조경규
Do it! 점프 투 파이썬,22000,박응용
작은 땅의 야수들,18000,김주혜
엑셀 2019,20000,김지연
난생처음 파이썬 프로그래밍,24000,우재남
해가 지는 곳으로,14000,최진영
거래의 기술,22000,도널드 트럼프
심리상담과 치료의 이론과 실제,4350,제럴드 코리
한국 재벌 흑역사 3,5690,이완배
영문법에 관한 진실한 이야기,19800,제프리 풀럼
나무,16800,고다 아야
빨모쌤의 라이브 영어회화 (특별 부록 한정판),22000,빨간모자쌤 신용하
IFRS 중급회계,63000,신현걸
세계 끝의 버섯,35000,애나 로웬하웁트 칭
언젠가 우리가 같은 별을 바라본다면,12000,차인표
그야말로 모든 역사,13239,크리스토퍼 로이드
화가들의 꽃,22000,앵거스 하일랜드
언젠가 모든 것은 바다로 떨어진다,20000,세라 핀스커
하고 싶은 공부,15500,최재천
"설자은, 불꽃을 쫓다",16800,정세랑
주술회전 28 더블특장판,6000,아쿠타미 게게
Smith 유기화학,53000,제니스 고진스키 스미스
일본어 상용한자 무작정 따라하기 1,26000,권경배
1984 (오리지널 초판본 표지 디자인),4400,조지 오웰
연구방법론,24000,성태제
삼국지 원전 완역판 세트 - 전10권,22000,요시카와 에이지
프랑켄슈타인 (무선),11000,메리 셸리
필사는 도끼다,22000,김지수
2026 설보연 SANTA 교육학 2,35000,설보연
기록이라는 세계,17700,리니
에그박사 14,15800,에그박사
으뜸 파이썬,34000,박동규
10일 만에 끝내는 해커스 OPIc 오픽 (Advanced 공략),25000,해커스 오픽연구소
회계와 사회,30000,백태영
사자왕 형제의 모험,13000,아스트리드 린드그렌
가속화 장기투자 법칙,22000,임인홍
요로개혁,7720,정연욱
소방학개론 시크릿 모의고사 Ver. 1-1,16000,이근상
2025 마무리 특강 조태정 영어 클라이맥스(CLIMAX),16000,조태정
시간의 계곡,18000,스콧 알렉산더 하워드
심리검사의 이해와 활용,28000,천성문
시한부,16800,백은별
이상심리학의 기초,24000,권석만
여름을 한 입 베어 물었더니,12500,이꽃님
혼잡(JOB) 금융 NCS를 위한 피셋 PSAT 300제,25000,배현우
파친코 1,15800,이민진
창의적 사고와 글쓰기,13000,서현주
토크쇼로 배우는 영어대화기술,17000,윤규철
부자 아빠 가난한 아빠 1 (20주년 특별 기념판),71408,로버트 기요사키
삐뽀삐뽀 119 소아과 (개정13판),29800,하정훈
스즈키 바이올린 교본 1,35722,세광음악 편집부
혼잡(JOB) 국민건강보험공단 NCS + 법률 봉투모의고사,23000,혼Job취업연구소
소년,16800,가와바타 야스나리
다판다 편의점 1,14000,강효미
나의 린드그렌 선생님 (알라딘 단독 리커버),10800,유은실
나의 폴라 일지,18500,김금희
2025 심우철 이것만은 알고 가자,15000,심우철
2025 권규호 신유형 공무원 모의고사 1,19000,권규호
시계토끼 기본 토익스피킹,26000,Jenny Cha
행복할 거야 이래도 되나 싶을 정도로,18000,일홍
상담연습,19000,강진령
ETS 토익 정기시험 기출입문서 LC 리스닝,15000,ETS
30킬로미터,7800,김영주
한국어학 개론,25000,구본관
사례로 배우는 가족상담,20000,이영분
회복탄력성 (15만부 기념 리커버),14800,김주환
데스런 기능성 운동 BASIC,3640,윤현용
나의 히어로 아카데미아 42 (한정판),46000,호리코시 코헤이
연예계 비공식입장,17370,이하은
마음에 힘이 되는 하루 한 문장 영어 필사,22000,위혜정
최신 임상심리학,33000,신민섭
나라를 위해서 일한다는 거짓말,18000,노한동
나의 두 번째 교과서 x 궤도의 다시 만난 과학,10635,궤도
더 인간적인 건축,30000,토마스 헤더윅
고전이 답했다 마땅히 살아야 할 삶에 대하여,16800,고명환
세이노의 가르침 (블랙 에디션),7200,세이노(SayNo)
마케팅원론,36000,안광호
JLPT 일본어능력시험 한권으로 끝내기 N1,27000,이치우
생활 속 회계,15000,정도진
채소·과일식 레시피,25000,조승우
2026 교원임용 사회문화,24000,이웅재
2025 신경향 이동기 영어 기적의 특강,15000,(주)이앤미래(대표 이동기)
불량한 자전거 여행,13800,김남중
사랑과 결함,16500,예소연
2025 문동균 한국사 기출은 문동균,30000,문동균
IFRS 밀레니엄 회계원리,35000,신현걸
사회복지 프로그램 개발과 평가,22000,이민홍
제일철학에 관한 성찰,5692,르네 데카르트
난생처음 컴퓨팅 사고 with 파이썬,23000,김명호
집단상담의 실제,23000,강진령
신공략 중국어 1,14000,Ma Jianfei
여수의 사랑,16000,한강
사고와 표현,16000,최미숙
푸른 사자 와니니,12000,이현
일본어뱅크 감바레 일본어 STEP 1,16000,문선희
2026 교원임용 정치학,24000,김현중
히브리 성서를 열다,44000,엘런 데이비스
2025 이동기 영어 하루 프로젝트 : 프로젝트 2. Completion Vol. 2,18000,이동기
나츠메 우인장 30,6000,미도리카와 유키
J⇔M 제이엠 1,7000,오타케 마사오
왝왝이가 그곳에 있었다,13500,이로아
이게 되네? 챗GPT 미친 활용법 71제,24000,오힘찬
2025 해커스 전산회계 1급 이론 + 실무 + 최신기출 + 무료특강,30000,이남호
COLOR & LIGHT,32000,3D토털 퍼블리싱
백년 목 2 : 치료편,18211,정선근
부의 역설,18000,강범구
맡겨진 소녀,13000,클레어 키건
알기쉬운 피부과학,24000,권혜영
그릿 GRIT (골드 에디션),18000,앤절라 더크워스
컴퓨터 네트워킹 하향식 접근,39000,James F. Kurose
해커스 일본어 JLPT N5 한 권으로 합격,26900,해커스 JLPT 연구소
캠벨 생명과학,55000,닐 캠벨
용선생의 시끌벅적 과학교실 17 : 호흡과 순환,8689,사회평론 과학교육연구소
백년운동,19500,정선근
연금 이야기,22000,차경수
스킵과 로퍼 10 (특장판),33000,타카마츠 미사키
2025 해커스경찰 갓대환 형사법 기본서 2권 : 형사소송법 수사와 증거 (경찰공무원),28000,김대환
사랑하고 선량하게 잦아드네,12000,유수연
2025 써니 행정법총론 기출문제집 - 전2권,44000,박준철
어두울 때에야 보이는 것들이 있습니다,16800,슈테판 츠바이크
상담면접의 기초,26000,김환
IFRS 회계원리,37000,반선섭
레이먼드 창의 기본 일반화학,49000,레이먼드 창
우리가 케이크를 먹는 방법,16800,김효은
JLPT 일본어능력시험 한권으로 끝내기 N4,27000,이치우
초판본 데미안,2990,헤르만 헤세
진로상담의 이론과 실제,20000,김봉환
일본어 잘하고 싶을 땐 다락원 독학 첫걸음,15000,정의상
문학의 이해,20000,권영민
2025 변호사시험법전,3820,현암사 법전부
이윤탁 형사소송법 실전동형모의고사,3660,이윤탁
초판본 변신,6430,프란츠 카프카
파과 (리커버),15800,구병모
오십에 읽는 주역,41586,강기진
질적 연구방법론,26000,John W. Creswell
"사람, 장소, 환대",16000,김현경
인간 실격,9000,다자이 오사무
2025 세법개론 (이만우 외),52000,이만우
미키 17,5570,사이먼 워드
김전일 37세의 사건부 17,5500,아마기 세이마루
융합적 사고와 창의적 글쓰기,20000,경기대학교 사고와 표현 교재편찬위원회
진도별 변시·사시 기출 두문자 민법사례연습,55000,곽낙규
돈미새,5510,정윤진(돈버는형님들)
초판본 싯다르타,6430,헤르만 헤세
EBS 왕초보 영어 (2025 상편),15000,마스터유진
